source,task,case,subgroup,run,accuracy_ci_lower,accuracy_ci_upper,bootstrap_clusters,rows,effective_names_or_records,accuracy,ece,brier,log_loss,coverage
FL,single_record_weighted,as_is,all,published,0.7188412605448938,0.7516477859130523,5428,39012,39012.0,0.7364144365836153,0.09637402771901174,0.19041799290698602,0.6931531676037523,1.0
FL,single_record_weighted,as_is,lookup_supported,published,0.6967066002869629,0.7343957900792968,5326,31639,31639.0,0.7159518316002402,0.1096358131531944,0.20796284566823117,0.7094104556504607,1.0
FL,single_record_weighted,as_is,lookup_unsupported,published,0.8112164264071094,0.8391688256753512,3876,7373,7373.0,0.8242235182422352,0.08322749973944107,0.11512956261903874,0.6233899319452954,1.0
FL,single_record_weighted,as_is,model_seen,published,0.7034609674767767,0.7504712264337324,5126,25753,25753.0,0.7272162466508756,0.126197650454065,0.20749793888651685,0.7124793814624014,1.0
FL,single_record_weighted,as_is,model_unseen,published,0.7330052717376881,0.7779453563906809,4603,13259,13259.0,0.7542801116222942,0.10631579715423932,0.15724355676467835,0.6556157978547678,1.0
FL,single_record_weighted,as_is,all,fixed_inference,0.7867568834669458,0.8461542196543886,5428,39012,39012.0,0.8176458525581872,0.1291140476003935,0.15376456091655583,0.5175768930345664,1.0
FL,single_record_weighted,as_is,lookup_supported,fixed_inference,0.740812313605848,0.8185023840630701,5326,31639,31639.0,0.7807136761591706,0.15378122495268853,0.1840604524383297,0.5927994552682964,1.0
FL,single_record_weighted,as_is,lookup_unsupported,fixed_inference,0.971734739322826,0.9802307358612138,3876,7373,7373.0,0.9761291197612912,0.024475093072521055,0.02375890353727973,0.19478201354006278,1.0
FL,single_record_weighted,as_is,model_seen,fixed_inference,0.7337796605306898,0.8196997740986537,5126,25753,25753.0,0.7813846930454704,0.16424472205954482,0.18721701114108438,0.5989278771577222,1.0
FL,single_record_weighted,as_is,model_unseen,fixed_inference,0.8605470246458625,0.9176645127396263,4603,13259,13259.0,0.8880760238328682,0.06168933349529969,0.08878975507657676,0.3595686047682095,1.0
FL,single_record_weighted,as_is,all,retrained,0.8024756368444846,0.8791824281534584,5428,39012,39012.0,0.8439198195427048,0.06030832141359729,0.11459903899185808,0.36977243815041844,1.0
FL,single_record_weighted,as_is,lookup_supported,retrained,0.7730785278329713,0.8718730969483207,5326,31639,31639.0,0.828186731565473,0.07476031355235559,0.12562524921260007,0.40181071410446173,1.0
FL,single_record_weighted,as_is,lookup_unsupported,retrained,0.8972271969922582,0.9258180912031357,3876,7373,7373.0,0.9114336091143361,0.006435920308406816,0.06728339201314454,0.23228986485461234,1.0
FL,single_record_weighted,as_is,model_seen,retrained,0.7623010454414287,0.8859225598271024,5126,25753,25753.0,0.823360385197841,0.0936142732943118,0.13182647743982281,0.41902127476848405,1.0
FL,single_record_weighted,as_is,model_unseen,retrained,0.8605264331985303,0.9039806509533224,4603,13259,13259.0,0.8838524775624105,0.018476555170143655,0.08113812773532021,0.2741162582405424,1.0
FL,single_record_weighted,as_is,all,frequency,0.4893493560282232,0.49487725102834634,5428,39012,39012.0,0.4918999282272121,0.3986859308785445,0.37590057019109857,5.225331868366262,1.0
FL,single_record_weighted,as_is,lookup_supported,frequency,0.56990452402261,0.6224809133336106,5326,31639,31639.0,0.5930023072789912,0.38987609225031516,0.40298727185915345,6.276984508468795,1.0
FL,single_record_weighted,as_is,lookup_unsupported,frequency,0.04694615464688511,0.07530298365427676,3876,7373,7373.0,0.05804964058049641,0.4527541284654523,0.2596661806514829,0.7124825695456856,1.0
FL,single_record_weighted,as_is,model_seen,frequency,0.6637948782587524,0.7519986571172784,5126,25753,25753.0,0.6994524909719256,0.2818866466439754,0.2964207951607921,4.526016636128508,1.0
FL,single_record_weighted,as_is,model_unseen,frequency,0.07350007001588892,0.10453451088898237,4603,13259,13259.0,0.08876989214872917,0.6367594749876153,0.5302744027844676,6.5836141804425,1.0
FL,single_record_weighted,as_is,all,majority,0.5078527545572008,0.5121450522927972,5428,39012,39012.0,0.5099456577463345,0.0009240330054778312,0.249901937728988,0.6929510437326171,1.0
FL,single_record_weighted,as_is,lookup_supported,majority,0.5924611312449548,0.6450073850730548,5326,31639,31639.0,0.6152533265906002,0.10438363583878774,0.24761261414072522,0.68837167506086,1.0
FL,single_record_weighted,as_is,lookup_unsupported,majority,0.04694615464688511,0.07530298365427676,3876,7373,7373.0,0.05804964058049641,0.45282005017131605,0.25972587764612465,0.7126020196455041,1.0
FL,single_record_weighted,as_is,model_seen,majority,0.6864309466173207,0.776895702775291,5126,25753,25753.0,0.7239156603114201,0.21304596955960764,0.24525036221289415,0.6836464267261259,1.0
FL,single_record_weighted,as_is,model_unseen,majority,0.07877108533503446,0.11020067116753725,4603,13259,13259.0,0.09435100686326268,0.41651868388854973,0.2589367083954007,0.7110234324322299,1.0
FL,single_record_weighted,lowercased,all,published,0.7709395478548702,0.7983061807616956,5428,39012,39012.0,0.7843484056187839,0.19650130344087458,0.20187786640845184,2.164186633453422,1.0
FL,single_record_weighted,lowercased,lookup_supported,published,0.7375016695017798,0.7792331090976455,5326,31639,31639.0,0.7608015424002023,0.21773535404861225,0.2233587309898483,2.3821859959280083,1.0
FL,single_record_weighted,lowercased,lookup_unsupported,published,0.867650100005497,0.900327513793951,3876,7373,7373.0,0.8853926488539264,0.10538179616049834,0.10969923159347798,1.2287082895861443,1.0
FL,single_record_weighted,lowercased,model_seen,published,0.7150251346205974,0.7619889634395781,5126,25753,25753.0,0.74057391371879,0.23561560637797313,0.2420792882235084,2.542992190136008,1.0
FL,single_record_weighted,lowercased,model_unseen,published,0.8550165583671528,0.8871935517236711,4603,13259,13259.0,0.8693717474922694,0.12052946216030277,0.12379451049902047,1.4284313350714444,1.0
FL,single_record_weighted,lowercased,all,fixed_inference,0.7867568834669458,0.8461542196543886,5428,39012,39012.0,0.8176458525581872,0.1291140476003935,0.15376456091655583,0.5175768930345664,1.0
FL,single_record_weighted,lowercased,lookup_supported,fixed_inference,0.740812313605848,0.8185023840630701,5326,31639,31639.0,0.7807136761591706,0.15378122495268853,0.1840604524383297,0.5927994552682964,1.0
FL,single_record_weighted,lowercased,lookup_unsupported,fixed_inference,0.971734739322826,0.9802307358612138,3876,7373,7373.0,0.9761291197612912,0.024475093072521055,0.02375890353727973,0.19478201354006278,1.0
FL,single_record_weighted,lowercased,model_seen,fixed_inference,0.7337796605306898,0.8196997740986537,5126,25753,25753.0,0.7813846930454704,0.16424472205954482,0.18721701114108438,0.5989278771577222,1.0
FL,single_record_weighted,lowercased,model_unseen,fixed_inference,0.8605470246458625,0.9176645127396263,4603,13259,13259.0,0.8880760238328682,0.06168933349529969,0.08878975507657676,0.3595686047682095,1.0
FL,single_record_weighted,lowercased,all,retrained,0.8024756368444846,0.8791824281534584,5428,39012,39012.0,0.8439198195427048,0.06030832141359729,0.11459903899185808,0.36977243815041844,1.0
FL,single_record_weighted,lowercased,lookup_supported,retrained,0.7730785278329713,0.8718730969483207,5326,31639,31639.0,0.828186731565473,0.07476031355235559,0.12562524921260007,0.40181071410446173,1.0
FL,single_record_weighted,lowercased,lookup_unsupported,retrained,0.8972271969922582,0.9258180912031357,3876,7373,7373.0,0.9114336091143361,0.006435920308406816,0.06728339201314454,0.23228986485461234,1.0
FL,single_record_weighted,lowercased,model_seen,retrained,0.7623010454414287,0.8859225598271024,5126,25753,25753.0,0.823360385197841,0.0936142732943118,0.13182647743982281,0.41902127476848405,1.0
FL,single_record_weighted,lowercased,model_unseen,retrained,0.8605264331985303,0.9039806509533224,4603,13259,13259.0,0.8838524775624105,0.018476555170143655,0.08113812773532021,0.2741162582405424,1.0
FL,single_record_weighted,lowercased,all,frequency,0.4893493560282232,0.49487725102834634,5428,39012,39012.0,0.4918999282272121,0.3986859308785445,0.37590057019109857,5.225331868366262,1.0
FL,single_record_weighted,lowercased,lookup_supported,frequency,0.56990452402261,0.6224809133336106,5326,31639,31639.0,0.5930023072789912,0.38987609225031516,0.40298727185915345,6.276984508468795,1.0
FL,single_record_weighted,lowercased,lookup_unsupported,frequency,0.04694615464688511,0.07530298365427676,3876,7373,7373.0,0.05804964058049641,0.4527541284654523,0.2596661806514829,0.7124825695456856,1.0
FL,single_record_weighted,lowercased,model_seen,frequency,0.6637948782587524,0.7519986571172784,5126,25753,25753.0,0.6994524909719256,0.2818866466439754,0.2964207951607921,4.526016636128508,1.0
FL,single_record_weighted,lowercased,model_unseen,frequency,0.07350007001588892,0.10453451088898237,4603,13259,13259.0,0.08876989214872917,0.6367594749876153,0.5302744027844676,6.5836141804425,1.0
FL,single_record_weighted,lowercased,all,majority,0.5078527545572008,0.5121450522927972,5428,39012,39012.0,0.5099456577463345,0.0009240330054778312,0.249901937728988,0.6929510437326171,1.0
FL,single_record_weighted,lowercased,lookup_supported,majority,0.5924611312449548,0.6450073850730548,5326,31639,31639.0,0.6152533265906002,0.10438363583878774,0.24761261414072522,0.68837167506086,1.0
FL,single_record_weighted,lowercased,lookup_unsupported,majority,0.04694615464688511,0.07530298365427676,3876,7373,7373.0,0.05804964058049641,0.45282005017131605,0.25972587764612465,0.7126020196455041,1.0
FL,single_record_weighted,lowercased,model_seen,majority,0.6864309466173207,0.776895702775291,5126,25753,25753.0,0.7239156603114201,0.21304596955960764,0.24525036221289415,0.6836464267261259,1.0
FL,single_record_weighted,lowercased,model_unseen,majority,0.07877108533503446,0.11020067116753725,4603,13259,13259.0,0.09435100686326268,0.41651868388854973,0.2589367083954007,0.7110234324322299,1.0
FL,single_distinct_name,as_is,all,published,0.7866726571095343,0.8034282959773704,9350,9416,9350.0,0.7937273124451896,0.06927229453197138,0.14602352318310924,0.6772844012527034,1.0
FL,single_distinct_name,as_is,lookup_supported,published,0.7508923140862418,0.7708112500919002,5190,5256,5190.0,0.7607611505515456,0.08818471805023198,0.17233579956055817,0.6722084916415334,1.0
FL,single_distinct_name,as_is,lookup_unsupported,published,0.8242788461538462,0.8456730769230769,4160,4160,4160.0,0.8348557692307692,0.08260609602125787,0.113196428375667,0.6836170865608697,1.0
FL,single_distinct_name,as_is,model_seen,published,0.7579205503113652,0.7824950822646953,3674,3738,3674.0,0.769964717300632,0.10599647731467945,0.1713427691736885,0.6421377394526008,1.0
FL,single_distinct_name,as_is,model_unseen,published,0.798253611698379,0.8187235729386892,5676,5678,5676.0,0.8091085271317829,0.07771513625954922,0.12963470891788936,0.7000343722628474,1.0
FL,single_distinct_name,as_is,all,fixed_inference,0.8572246645695996,0.871818838518435,9350,9416,9350.0,0.8653661134111644,0.056479045296665795,0.09829868923068172,0.45800091571007584,1.0
FL,single_distinct_name,as_is,lookup_supported,fixed_inference,0.7759927355721106,0.800278509612114,5190,5256,5190.0,0.789050705278302,0.07772016208972429,0.14878717619448054,0.5684203144325546,1.0
FL,single_distinct_name,as_is,lookup_unsupported,fixed_inference,0.9540805288461538,0.9656370192307692,4160,4160,4160.0,0.9605769230769231,0.030582283451580084,0.0353094470811347,0.3202420985539066,1.0
FL,single_distinct_name,as_is,model_seen,fixed_inference,0.7708542975874,0.797644459287366,3674,3738,3674.0,0.7839792670280494,0.08463988642972525,0.15320497933792188,0.5397947568011505,1.0
FL,single_distinct_name,as_is,model_unseen,fixed_inference,0.9106699260042284,0.9243642823584682,5676,5678,5676.0,0.9180467465351188,0.039495611862170744,0.06275857121553019,0.4050568402751555,1.0
FL,single_distinct_name,as_is,all,retrained,0.8084377196543037,0.8245501957534361,9350,9416,9350.0,0.8155794526246792,0.06346048572955808,0.13597338081705604,0.4425990336205087,1.0
FL,single_distinct_name,as_is,lookup_supported,retrained,0.7482936230088532,0.7723018721364733,5190,5256,5190.0,0.7596662585820328,0.10009167980757075,0.17582872252682813,0.5646581887615698,1.0
FL,single_distinct_name,as_is,lookup_unsupported,retrained,0.8749759615384616,0.8947295673076924,4160,4160,4160.0,0.8853365384615385,0.018386548972473743,0.08625000978972018,0.2903185011248097,1.0
FL,single_distinct_name,as_is,model_seen,retrained,0.7607785230285268,0.7849691722945594,3674,3738,3674.0,0.7732266055273319,0.09221805654134613,0.16500792176481882,0.5300919051893204,1.0
FL,single_distinct_name,as_is,model_unseen,retrained,0.8343265503875968,0.8510504756871036,5676,5678,5676.0,0.8429938924124972,0.04484608911882697,0.1171797050873026,0.38596605086085145,1.0
FL,single_distinct_name,as_is,all,frequency,0.4427025538540384,0.4610962308736876,9350,9416,9350.0,0.45202137210126625,0.3028242051488358,0.2516805690981048,2.119035524713544,1.0
FL,single_distinct_name,as_is,lookup_supported,frequency,0.7216945387698005,0.7439941750405474,5190,5256,5190.0,0.7318689458857108,0.21858625027176665,0.24605628266068924,3.24799925171742,1.0
FL,single_distinct_name,as_is,lookup_unsupported,frequency,0.09325721153846155,0.11130408653846154,4160,4160,4160.0,0.10288461538461538,0.40791915366133324,0.25869740722555357,0.7105447210716878,1.0
FL,single_distinct_name,as_is,model_seen,frequency,0.8204156057919959,0.8438004197951362,3674,3738,3674.0,0.8327617027255052,0.10735002848382785,0.14166490482551342,1.3855068374491257,1.0
FL,single_distinct_name,as_is,model_unseen,frequency,0.19701814658210007,0.21579530772844727,5676,5678,5676.0,0.20557317359642943,0.4301936725833026,0.3228922587629217,2.593838977322682,1.0
FL,single_distinct_name,as_is,all,majority,0.48951846473601807,0.5080163709521779,9350,9416,9350.0,0.49833153252907375,0.012538158222738571,0.2501544216279169,0.6934560911024191,1.0
FL,single_distinct_name,as_is,lookup_supported,majority,0.8055548314864025,0.8251443926551435,5190,5256,5190.0,0.8152986183327244,0.3044289275809122,0.24326375322553925,0.679672582658662,1.0
FL,single_distinct_name,as_is,lookup_unsupported,majority,0.09325721153846155,0.11130408653846154,4160,4160,4160.0,0.10288461538461538,0.4079850753671971,0.2587511930241525,0.7106523432233565,1.0
FL,single_distinct_name,as_is,model_seen,majority,0.9219430441510491,0.9374687166318771,3674,3738,3674.0,0.9304753663074323,0.4196056755556199,0.24075988196097037,0.674664051018196,1.0
FL,single_distinct_name,as_is,model_unseen,majority,0.20965028188865398,0.23032652102419543,5676,5678,5676.0,0.21861052384308202,0.29225916690873044,0.25623538335032037,0.7056199310018968,1.0
FL,single_distinct_name,lowercased,all,published,0.7565897234615206,0.7734560592844291,9350,9416,9350.0,0.7659729199557561,0.21780327817894668,0.22289581436893166,2.576377234802631,1.0
FL,single_distinct_name,lowercased,lookup_supported,published,0.6753331266984888,0.6986063518702788,5190,5256,5190.0,0.6884097883595991,0.29025699621309414,0.2962801340987951,3.417111911092729,1.0
FL,single_distinct_name,lowercased,lookup_unsupported,published,0.8523978365384615,0.8718930288461538,4160,4160,4160.0,0.8627403846153846,0.12741029822769073,0.13134181932133768,1.5274798862580141,1.0
FL,single_distinct_name,lowercased,model_seen,published,0.6602275000917375,0.6913520821243251,3674,3738,3674.0,0.6762874618725239,0.3022310030762736,0.3081591677263207,3.540679004319721,1.0
FL,single_distinct_name,lowercased,model_unseen,published,0.8153592612168193,0.8328958186516325,5676,5678,5676.0,0.8240251350716468,0.16315432446633588,0.16770596936628065,1.9521974072469952,1.0
FL,single_distinct_name,lowercased,all,fixed_inference,0.8572246645695996,0.871818838518435,9350,9416,9350.0,0.8653661134111644,0.056479045296665795,0.09829868923068172,0.45800091571007584,1.0
FL,single_distinct_name,lowercased,lookup_supported,fixed_inference,0.7759927355721106,0.800278509612114,5190,5256,5190.0,0.789050705278302,0.07772016208972429,0.14878717619448054,0.5684203144325546,1.0
FL,single_distinct_name,lowercased,lookup_unsupported,fixed_inference,0.9540805288461538,0.9656370192307692,4160,4160,4160.0,0.9605769230769231,0.030582283451580084,0.0353094470811347,0.3202420985539066,1.0
FL,single_distinct_name,lowercased,model_seen,fixed_inference,0.7708542975874,0.797644459287366,3674,3738,3674.0,0.7839792670280494,0.08463988642972525,0.15320497933792188,0.5397947568011505,1.0
FL,single_distinct_name,lowercased,model_unseen,fixed_inference,0.9106699260042284,0.9243642823584682,5676,5678,5676.0,0.9180467465351188,0.039495611862170744,0.06275857121553019,0.4050568402751555,1.0
FL,single_distinct_name,lowercased,all,retrained,0.8084377196543037,0.8245501957534361,9350,9416,9350.0,0.8155794526246792,0.06346048572955808,0.13597338081705604,0.4425990336205087,1.0
FL,single_distinct_name,lowercased,lookup_supported,retrained,0.7482936230088532,0.7723018721364733,5190,5256,5190.0,0.7596662585820328,0.10009167980757075,0.17582872252682813,0.5646581887615698,1.0
FL,single_distinct_name,lowercased,lookup_unsupported,retrained,0.8749759615384616,0.8947295673076924,4160,4160,4160.0,0.8853365384615385,0.018386548972473743,0.08625000978972018,0.2903185011248097,1.0
FL,single_distinct_name,lowercased,model_seen,retrained,0.7607785230285268,0.7849691722945594,3674,3738,3674.0,0.7732266055273319,0.09221805654134613,0.16500792176481882,0.5300919051893204,1.0
FL,single_distinct_name,lowercased,model_unseen,retrained,0.8343265503875968,0.8510504756871036,5676,5678,5676.0,0.8429938924124972,0.04484608911882697,0.1171797050873026,0.38596605086085145,1.0
FL,single_distinct_name,lowercased,all,frequency,0.4427025538540384,0.4610962308736876,9350,9416,9350.0,0.45202137210126625,0.3028242051488358,0.2516805690981048,2.119035524713544,1.0
FL,single_distinct_name,lowercased,lookup_supported,frequency,0.7216945387698005,0.7439941750405474,5190,5256,5190.0,0.7318689458857108,0.21858625027176665,0.24605628266068924,3.24799925171742,1.0
FL,single_distinct_name,lowercased,lookup_unsupported,frequency,0.09325721153846155,0.11130408653846154,4160,4160,4160.0,0.10288461538461538,0.40791915366133324,0.25869740722555357,0.7105447210716878,1.0
FL,single_distinct_name,lowercased,model_seen,frequency,0.8204156057919959,0.8438004197951362,3674,3738,3674.0,0.8327617027255052,0.10735002848382785,0.14166490482551342,1.3855068374491257,1.0
FL,single_distinct_name,lowercased,model_unseen,frequency,0.19701814658210007,0.21579530772844727,5676,5678,5676.0,0.20557317359642943,0.4301936725833026,0.3228922587629217,2.593838977322682,1.0
FL,single_distinct_name,lowercased,all,majority,0.48951846473601807,0.5080163709521779,9350,9416,9350.0,0.49833153252907375,0.012538158222738571,0.2501544216279169,0.6934560911024191,1.0
FL,single_distinct_name,lowercased,lookup_supported,majority,0.8055548314864025,0.8251443926551435,5190,5256,5190.0,0.8152986183327244,0.3044289275809122,0.24326375322553925,0.679672582658662,1.0
FL,single_distinct_name,lowercased,lookup_unsupported,majority,0.09325721153846155,0.11130408653846154,4160,4160,4160.0,0.10288461538461538,0.4079850753671971,0.2587511930241525,0.7106523432233565,1.0
FL,single_distinct_name,lowercased,model_seen,majority,0.9219430441510491,0.9374687166318771,3674,3738,3674.0,0.9304753663074323,0.4196056755556199,0.24075988196097037,0.674664051018196,1.0
FL,single_distinct_name,lowercased,model_unseen,majority,0.20965028188865398,0.23032652102419543,5676,5678,5676.0,0.21861052384308202,0.29225916690873044,0.25623538335032037,0.7056199310018968,1.0
FL,ordering,as_is,all,published,0.8353822430047685,0.8678030445346605,5434,19998,19998.0,0.8511851185118512,0.1301519326751667,0.13871251596946318,0.8416843785152662,1.0
FL,ordering,as_is,lookup_supported,published,0.8207120429461475,0.8755326905389472,1611,12673,12673.0,0.8473920934269707,0.13034931739315578,0.14167129354068986,0.8455534855068191,1.0
FL,ordering,as_is,lookup_unsupported,published,0.8494141109465458,0.8670046144161194,3936,7325,7325.0,0.8577474402730375,0.12981043690300637,0.1335935278247321,0.8349904272655803,1.0
FL,ordering,as_is,model_seen,published,0.3333333333333333,0.6819295900178253,9,34,34.0,0.5588235294117647,0.3105330975616679,0.3406250747399083,1.4931355524534469,1.0
FL,ordering,as_is,model_unseen,published,0.8363454119512796,0.8678691437138186,5434,19964,19964.0,0.8516830294530154,0.12986117870994907,0.13836864565298382,0.8405749144843155,1.0
FL,ordering,as_is,2,published,0.8326969579627925,0.8646619164217038,4697,19020,19020.0,0.8501577287066246,0.131367752473061,0.13989365688558433,0.8533346391901827,1.0
FL,ordering,as_is,3+,published,0.8497607229222349,0.8955624758220503,797,978,978.0,0.8711656441717791,0.10766656169618316,0.11574186134305883,0.6151118242852956,1.0
FL,ordering,as_is,all,fixed_inference,0.9810835448957433,0.9887587854038707,5434,19998,19998.0,0.9852985298529853,0.007750864222188159,0.01313121023752969,0.05753375937528797,1.0
FL,ordering,as_is,lookup_supported,fixed_inference,0.9757960829493088,0.9871527701698404,1611,12673,12673.0,0.9820089955022488,0.008612247731703826,0.01583239343263427,0.0650298875045927,1.0
FL,ordering,as_is,lookup_unsupported,fixed_inference,0.9883505389765495,0.9930861505978937,3936,7325,7325.0,0.9909897610921502,0.007341111324753028,0.00845788673834057,0.04456469018993933,1.0
FL,ordering,as_is,model_seen,fixed_inference,0.4284340659340659,0.875,9,34,34.0,0.7058823529411765,0.1740289102582371,0.19457912402305838,0.6278433714364433,1.0
FL,ordering,as_is,model_unseen,fixed_inference,0.9813540323456066,0.9893633698224172,5434,19964,19964.0,0.9857743939090363,0.007650544918794447,0.012822192552260808,0.05656248474044128,1.0
FL,ordering,as_is,2,fixed_inference,0.9809124884881892,0.9887382766380686,4697,19020,19020.0,0.9850157728706624,0.0077417361435454255,0.013350072279095782,0.05802832985097386,1.0
FL,ordering,as_is,3+,fixed_inference,0.9846594143317943,0.9950837195380101,797,978,978.0,0.99079754601227,0.008111319232328253,0.008874813478238196,0.04791542558434157,1.0
FL,ordering,as_is,all,retrained,0.9049287112213557,0.9434100957337336,5434,19998,19998.0,0.9265926592659266,0.01986537041133828,0.05457886745315371,0.18397803667316684,1.0
FL,ordering,as_is,lookup_supported,retrained,0.8773855586692352,0.9358567180558766,1611,12673,12673.0,0.90933480628107,0.02694118794256324,0.06714327989138995,0.2253509811588961,1.0
FL,ordering,as_is,lookup_unsupported,retrained,0.9480567414340161,0.96243094733981,3936,7325,7325.0,0.9564505119453925,0.0076234815958823275,0.032841147476393606,0.11239860657519458,1.0
FL,ordering,as_is,model_seen,retrained,0.133125,0.6571616541353383,9,34,34.0,0.4117647058823529,0.43942056683933034,0.4685902446996599,1.5429031392725268,1.0
FL,ordering,as_is,model_unseen,retrained,0.9067977907605334,0.9442207023596957,5434,19964,19964.0,0.9274694450010018,0.019182368772609357,0.05387377895253355,0.1816636981894773,1.0
FL,ordering,as_is,2,retrained,0.9057906540363335,0.941996742268704,4697,19020,19020.0,0.9248685594111462,0.021250071877184702,0.05580173997550204,0.1878669295691913,1.0
FL,ordering,as_is,3+,retrained,0.9403578720937072,0.975271025501899,797,978,978.0,0.9601226993865031,0.010178738454612011,0.030796622693373375,0.1083474202290106,1.0
FL,ordering,as_is,all,frequency,0.4195632782991156,0.5071394888695953,5434,19998,19998.0,0.461996199619962,0.432632131896365,0.4881281579649441,7.100650691888179,1.0
FL,ordering,as_is,lookup_supported,frequency,0.1852548474114445,0.20928808289203352,1611,12673,12673.0,0.19584944369920304,0.6563108539819167,0.7302726611919977,10.775961592484022,1.0
FL,ordering,as_is,lookup_unsupported,frequency,0.90878719321302,0.9343586574640359,3936,7325,7325.0,0.922457337883959,0.04653045623972282,0.06919337442959253,0.7419865221610558,1.0
FL,ordering,as_is,model_seen,frequency,0.0,0.0,9,34,34.0,0.0,1.0,1.0,16.118095650958324,1.0
FL,ordering,as_is,model_unseen,frequency,0.4201916286930881,0.5092278742073985,5434,19964,19964.0,0.4627830094169505,0.43166586724421496,0.4872564066811737,7.085293392318534,1.0
FL,ordering,as_is,2,frequency,0.3941562658885774,0.4966776246384099,4697,19020,19020.0,0.4451104100946372,0.4455214155945248,0.5030071123866013,7.322131343588041,1.0
FL,ordering,as_is,3+,frequency,0.7622422021599828,0.8269156793352823,797,978,978.0,0.7903885480572597,0.1875903676195071,0.19876444313885205,2.793327588277338,1.0
FL,ordering,as_is,all,majority,0.4931864165562176,0.5069046219809943,5434,19998,19998.0,0.5,1.250096882565721e-06,0.25000000000156275,0.6931471805630709,1.0
FL,ordering,as_is,lookup_supported,majority,0.49143978536309024,0.508609546447693,1611,12673,12673.0,0.49940819064152137,0.0005930594553612001,0.2500000014812008,0.6931471835223469,1.0
FL,ordering,as_is,lookup_unsupported,majority,0.4892420098737088,0.5128032547372675,3936,7325,7325.0,0.5010238907849829,0.001022640688100207,0.2499999974416374,0.69314717544322,1.0
FL,ordering,as_is,model_seen,majority,0.4374320652173913,0.8478260869565217,9,34,34.0,0.7058823529411765,0.20588110284429406,0.24999948525578763,0.6931461510715204,1.0
FL,ordering,as_is,model_unseen,majority,0.49284094863481576,0.506737606373266,5434,19964,19964.0,0.4996493688639551,0.00035188123292745344,0.2500000008782085,0.6931471823163624,1.0
FL,ordering,as_is,2,majority,0.4927718778849436,0.507842917509662,4697,19020,19020.0,0.5002103049421661,0.00020905484528377372,0.24999999947575965,0.6931471795114645,1.0
FL,ordering,as_is,3+,majority,0.46400205211091944,0.5264637815517001,797,978,978.0,0.49591002044989774,0.004091229646984829,0.2500000102273041,0.6931472010145536,1.0
FL,ordering,lowercased,all,published,0.8953227015675151,0.9221401448746313,5434,19998,19998.0,0.9098409840984099,0.07108027179582867,0.07888358344503803,0.37820594652085127,1.0
FL,ordering,lowercased,lookup_supported,published,0.8708257122563481,0.9151571836911955,1611,12673,12673.0,0.8948946579341908,0.0830926514364197,0.09212811348912063,0.4347345188531714,1.0
FL,ordering,lowercased,lookup_unsupported,published,0.9284649033327835,0.9415242620108207,3936,7325,7325.0,0.9356996587030717,0.050319636502770486,0.05596919037354874,0.28040572847750744,1.0
FL,ordering,lowercased,model_seen,published,0.375,0.7881818181818182,9,34,34.0,0.5882352941176471,0.3615447317852693,0.3482734500120805,1.340095329343607,1.0
FL,ordering,lowercased,model_unseen,published,0.8955765250514222,0.9219403595379972,5434,19964,19964.0,0.9103886996593868,0.07058559178983581,0.07842479485240732,0.3765677858809006,1.0
FL,ordering,lowercased,2,published,0.8960333462321295,0.9248093281564121,4697,19020,19020.0,0.9106203995793901,0.07098818391279461,0.07859254587320565,0.3794942286420455,1.0
FL,ordering,lowercased,3+,published,0.8730523674823962,0.9147994731355623,797,978,978.0,0.8946830265848671,0.07287118338612211,0.08454363928987618,0.3531516255135755,1.0
FL,ordering,lowercased,all,fixed_inference,0.9810835448957433,0.9887587854038707,5434,19998,19998.0,0.9852985298529853,0.007750864222188159,0.01313121023752969,0.05753375937528797,1.0
FL,ordering,lowercased,lookup_supported,fixed_inference,0.9757960829493088,0.9871527701698404,1611,12673,12673.0,0.9820089955022488,0.008612247731703826,0.01583239343263427,0.0650298875045927,1.0
FL,ordering,lowercased,lookup_unsupported,fixed_inference,0.9883505389765495,0.9930861505978937,3936,7325,7325.0,0.9909897610921502,0.007341111324753028,0.00845788673834057,0.04456469018993933,1.0
FL,ordering,lowercased,model_seen,fixed_inference,0.4284340659340659,0.875,9,34,34.0,0.7058823529411765,0.1740289102582371,0.19457912402305838,0.6278433714364433,1.0
FL,ordering,lowercased,model_unseen,fixed_inference,0.9813540323456066,0.9893633698224172,5434,19964,19964.0,0.9857743939090363,0.007650544918794447,0.012822192552260808,0.05656248474044128,1.0
FL,ordering,lowercased,2,fixed_inference,0.9809124884881892,0.9887382766380686,4697,19020,19020.0,0.9850157728706624,0.0077417361435454255,0.013350072279095782,0.05802832985097386,1.0
FL,ordering,lowercased,3+,fixed_inference,0.9846594143317943,0.9950837195380101,797,978,978.0,0.99079754601227,0.008111319232328253,0.008874813478238196,0.04791542558434157,1.0
FL,ordering,lowercased,all,retrained,0.9049287112213557,0.9434100957337336,5434,19998,19998.0,0.9265926592659266,0.01986537041133828,0.05457886745315371,0.18397803667316684,1.0
FL,ordering,lowercased,lookup_supported,retrained,0.8773855586692352,0.9358567180558766,1611,12673,12673.0,0.90933480628107,0.02694118794256324,0.06714327989138995,0.2253509811588961,1.0
FL,ordering,lowercased,lookup_unsupported,retrained,0.9480567414340161,0.96243094733981,3936,7325,7325.0,0.9564505119453925,0.0076234815958823275,0.032841147476393606,0.11239860657519458,1.0
FL,ordering,lowercased,model_seen,retrained,0.133125,0.6571616541353383,9,34,34.0,0.4117647058823529,0.43942056683933034,0.4685902446996599,1.5429031392725268,1.0
FL,ordering,lowercased,model_unseen,retrained,0.9067977907605334,0.9442207023596957,5434,19964,19964.0,0.9274694450010018,0.019182368772609357,0.05387377895253355,0.1816636981894773,1.0
FL,ordering,lowercased,2,retrained,0.9057906540363335,0.941996742268704,4697,19020,19020.0,0.9248685594111462,0.021250071877184702,0.05580173997550204,0.1878669295691913,1.0
FL,ordering,lowercased,3+,retrained,0.9403578720937072,0.975271025501899,797,978,978.0,0.9601226993865031,0.010178738454612011,0.030796622693373375,0.1083474202290106,1.0
FL,ordering,lowercased,all,frequency,0.4195632782991156,0.5071394888695953,5434,19998,19998.0,0.461996199619962,0.432632131896365,0.4881281579649441,7.100650691888179,1.0
FL,ordering,lowercased,lookup_supported,frequency,0.1852548474114445,0.20928808289203352,1611,12673,12673.0,0.19584944369920304,0.6563108539819167,0.7302726611919977,10.775961592484022,1.0
FL,ordering,lowercased,lookup_unsupported,frequency,0.90878719321302,0.9343586574640359,3936,7325,7325.0,0.922457337883959,0.04653045623972282,0.06919337442959253,0.7419865221610558,1.0
FL,ordering,lowercased,model_seen,frequency,0.0,0.0,9,34,34.0,0.0,1.0,1.0,16.118095650958324,1.0
FL,ordering,lowercased,model_unseen,frequency,0.4201916286930881,0.5092278742073985,5434,19964,19964.0,0.4627830094169505,0.43166586724421496,0.4872564066811737,7.085293392318534,1.0
FL,ordering,lowercased,2,frequency,0.3941562658885774,0.4966776246384099,4697,19020,19020.0,0.4451104100946372,0.4455214155945248,0.5030071123866013,7.322131343588041,1.0
FL,ordering,lowercased,3+,frequency,0.7622422021599828,0.8269156793352823,797,978,978.0,0.7903885480572597,0.1875903676195071,0.19876444313885205,2.793327588277338,1.0
FL,ordering,lowercased,all,majority,0.4931864165562176,0.5069046219809943,5434,19998,19998.0,0.5,1.250096882565721e-06,0.25000000000156275,0.6931471805630709,1.0
FL,ordering,lowercased,lookup_supported,majority,0.49143978536309024,0.508609546447693,1611,12673,12673.0,0.49940819064152137,0.0005930594553612001,0.2500000014812008,0.6931471835223469,1.0
FL,ordering,lowercased,lookup_unsupported,majority,0.4892420098737088,0.5128032547372675,3936,7325,7325.0,0.5010238907849829,0.001022640688100207,0.2499999974416374,0.69314717544322,1.0
FL,ordering,lowercased,model_seen,majority,0.4374320652173913,0.8478260869565217,9,34,34.0,0.7058823529411765,0.20588110284429406,0.24999948525578763,0.6931461510715204,1.0
FL,ordering,lowercased,model_unseen,majority,0.49284094863481576,0.506737606373266,5434,19964,19964.0,0.4996493688639551,0.00035188123292745344,0.2500000008782085,0.6931471823163624,1.0
FL,ordering,lowercased,2,majority,0.4927718778849436,0.507842917509662,4697,19020,19020.0,0.5002103049421661,0.00020905484528377372,0.24999999947575965,0.6931471795114645,1.0
FL,ordering,lowercased,3+,majority,0.46400205211091944,0.5264637815517001,797,978,978.0,0.49591002044989774,0.004091229646984829,0.2500000102273041,0.6931472010145536,1.0
NC,single_record_weighted,as_is,all,published,0.5278192091584112,0.552656799442407,8211,39840,39840.0,0.541741967871486,0.15111987065209678,0.290020886450792,1.2312918202651422,1.0
NC,single_record_weighted,as_is,lookup_supported,published,0.5339594224914642,0.5603414521348848,8175,37761,37761.0,0.5466751410185111,0.14346053889424032,0.28609464404081325,1.1790631937718723,1.0
NC,single_record_weighted,as_is,lookup_unsupported,published,0.42857830441469236,0.48244239294173163,1692,2079,2079.0,0.4521404521404521,0.2902367665195419,0.3613334596317479,2.1799234532677203,1.0
NC,single_record_weighted,as_is,model_seen,published,0.5406106040614925,0.5705745099519044,8033,34778,34778.0,0.5547472540111564,0.1344350765251059,0.2830041331961025,1.1572323512002247,1.0
NC,single_record_weighted,as_is,model_unseen,published,0.4273537982251168,0.47081322132719866,3602,5062,5062.0,0.4523903595416831,0.26575119624444965,0.3382288368047209,1.7401105115215028,1.0
NC,single_record_weighted,as_is,all,fixed_inference,0.7933094413808817,0.8212333545630447,8211,39840,39840.0,0.8091867469879518,0.14223268491376828,0.16416683310334995,0.581087109862947,1.0
NC,single_record_weighted,as_is,lookup_supported,fixed_inference,0.786471390160028,0.8153326663053762,8175,37761,37761.0,0.8026270490717936,0.1464506829998156,0.16937550325143025,0.5745780264362925,1.0
NC,single_record_weighted,as_is,lookup_unsupported,fixed_inference,0.9151916175339656,0.939002289597961,1692,2079,2079.0,0.9283309283309283,0.06797498002999558,0.06956144904290688,0.69931197723856,1.0
NC,single_record_weighted,as_is,model_seen,fixed_inference,0.7858182157271444,0.8132116194964776,8033,34778,34778.0,0.7980907470239806,0.15336171490635084,0.17474243217516233,0.5814064898457879,1.0
NC,single_record_weighted,as_is,model_unseen,fixed_inference,0.870114195226354,0.8982997691923605,3602,5062,5062.0,0.8854207822994864,0.06577171986397903,0.09150816370005259,0.578892839407941,1.0
NC,single_record_weighted,as_is,all,retrained,0.899254680953101,0.9170325149624031,8211,39840,39840.0,0.909437751004016,0.008494122303932582,0.0690587035555751,0.23551586457055315,1.0
NC,single_record_weighted,as_is,lookup_supported,retrained,0.902424714168836,0.9194090440777144,8175,37761,37761.0,0.9112311644289082,0.007981538228010511,0.06799097240730619,0.23229707095820884,1.0
NC,single_record_weighted,as_is,lookup_unsupported,retrained,0.8625234733397167,0.8899538337784206,1692,2079,2079.0,0.8768638768638769,0.02831388351262451,0.0884519675718241,0.29397900338524063,1.0
NC,single_record_weighted,as_is,model_seen,retrained,0.9079008233616629,0.9239582890440473,8033,34778,34778.0,0.9162113980102363,0.006088836122542224,0.06480271503223724,0.2230443948737978,1.0
NC,single_record_weighted,as_is,model_unseen,retrained,0.8520805301086822,0.8752937801122921,3602,5062,5062.0,0.8629000395100751,0.0344856669430863,0.0982990767014944,0.3211999366989133,1.0
NC,single_record_weighted,as_is,all,frequency,0.8311286936343182,0.8592034726048362,8211,39840,39840.0,0.8487951807228916,0.08746905715040666,0.11235580431700733,1.2591187546651326,1.0
NC,single_record_weighted,as_is,lookup_supported,frequency,0.8692212783244353,0.899671171705213,8175,37761,37761.0,0.8854108736527104,0.07456872102666832,0.10439489483462648,1.2895139011310357,1.0
NC,single_record_weighted,as_is,lookup_unsupported,frequency,0.15992162467103344,0.20393681642153694,1692,2079,2079.0,0.18374218374218373,0.32706158530376495,0.25695027423724925,0.7070499111350824,1.0
NC,single_record_weighted,as_is,model_seen,frequency,0.8905710976975182,0.9227498883544429,8033,34778,34778.0,0.9085628845822071,0.05046713735676653,0.08106753956637344,0.8978211949257643,1.0
NC,single_record_weighted,as_is,model_unseen,frequency,0.4156321179770753,0.45709886606275696,3602,5062,5062.0,0.4381667325167918,0.34923676690298966,0.3273189160312597,3.741380021479779,1.0
NC,single_record_weighted,as_is,all,majority,0.5001447206949149,0.5007514931979933,8211,39840,39840.0,0.5004518072289157,0.010417883522896743,0.2501083281673245,0.6933638896545803,1.0
NC,single_record_weighted,as_is,lookup_supported,majority,0.5157247915377102,0.5198583700373672,8175,37761,37761.0,0.51788882709674,0.00701913634492779,0.24972925814013164,0.6926056301338078,1.0
NC,single_record_weighted,as_is,lookup_unsupported,majority,0.15992162467103344,0.20393681642153694,1692,2079,2079.0,0.18374218374218373,0.32712750700962867,0.25699339949817185,0.7071362021913233,1.0
NC,single_record_weighted,as_is,model_seen,majority,0.536951511354078,0.5469790385092163,8033,34778,34778.0,0.5418080395652424,0.03093834881343005,0.24920926925501266,0.6915654884856877,1.0
NC,single_record_weighted,as_is,model_unseen,majority,0.19714205661637985,0.23487449958556747,3602,5062,5062.0,0.2163176610035559,0.29455202974825645,0.2562852287703243,0.7057196375510133,1.0
NC,single_record_weighted,lowercased,all,published,0.7406516149196861,0.7640959154964172,8211,39840,39840.0,0.7532128514056224,0.2274156908643054,0.23259567097400197,2.50765041461831,1.0
NC,single_record_weighted,lowercased,lookup_supported,published,0.7348020299872946,0.7586382901319537,8175,37761,37761.0,0.7476761738301422,0.23241669059396397,0.23763321508629434,2.5548077192657153,1.0
NC,single_record_weighted,lowercased,lookup_unsupported,published,0.8315791389997101,0.8746556752105826,1692,2079,2079.0,0.8537758537758537,0.1366257153204165,0.1410984592259154,1.6511295003370883,1.0
NC,single_record_weighted,lowercased,model_seen,published,0.7290993263930493,0.7550720385460048,8033,34778,34778.0,0.7420783253781126,0.23749676419789337,0.24259204193513945,2.591770252038367,1.0
NC,single_record_weighted,lowercased,model_unseen,published,0.817806807694303,0.8466143694416668,3602,5062,5062.0,0.8297115764519952,0.15878027323110921,0.16391653441010667,1.9297128986572802,1.0
NC,single_record_weighted,lowercased,all,fixed_inference,0.7933094413808817,0.8212333545630447,8211,39840,39840.0,0.8091867469879518,0.14223268491376828,0.16416683310334995,0.581087109862947,1.0
NC,single_record_weighted,lowercased,lookup_supported,fixed_inference,0.786471390160028,0.8153326663053762,8175,37761,37761.0,0.8026270490717936,0.1464506829998156,0.16937550325143025,0.5745780264362925,1.0
NC,single_record_weighted,lowercased,lookup_unsupported,fixed_inference,0.9151916175339656,0.939002289597961,1692,2079,2079.0,0.9283309283309283,0.06797498002999558,0.06956144904290688,0.69931197723856,1.0
NC,single_record_weighted,lowercased,model_seen,fixed_inference,0.7858182157271444,0.8132116194964776,8033,34778,34778.0,0.7980907470239806,0.15336171490635084,0.17474243217516233,0.5814064898457879,1.0
NC,single_record_weighted,lowercased,model_unseen,fixed_inference,0.870114195226354,0.8982997691923605,3602,5062,5062.0,0.8854207822994864,0.06577171986397903,0.09150816370005259,0.578892839407941,1.0
NC,single_record_weighted,lowercased,all,retrained,0.899254680953101,0.9170325149624031,8211,39840,39840.0,0.909437751004016,0.008494122303932582,0.0690587035555751,0.23551586457055315,1.0
NC,single_record_weighted,lowercased,lookup_supported,retrained,0.902424714168836,0.9194090440777144,8175,37761,37761.0,0.9112311644289082,0.007981538228010511,0.06799097240730619,0.23229707095820884,1.0
NC,single_record_weighted,lowercased,lookup_unsupported,retrained,0.8625234733397167,0.8899538337784206,1692,2079,2079.0,0.8768638768638769,0.02831388351262451,0.0884519675718241,0.29397900338524063,1.0
NC,single_record_weighted,lowercased,model_seen,retrained,0.9079008233616629,0.9239582890440473,8033,34778,34778.0,0.9162113980102363,0.006088836122542224,0.06480271503223724,0.2230443948737978,1.0
NC,single_record_weighted,lowercased,model_unseen,retrained,0.8520805301086822,0.8752937801122921,3602,5062,5062.0,0.8629000395100751,0.0344856669430863,0.0982990767014944,0.3211999366989133,1.0
NC,single_record_weighted,lowercased,all,frequency,0.8311286936343182,0.8592034726048362,8211,39840,39840.0,0.8487951807228916,0.08746905715040666,0.11235580431700733,1.2591187546651326,1.0
NC,single_record_weighted,lowercased,lookup_supported,frequency,0.8692212783244353,0.899671171705213,8175,37761,37761.0,0.8854108736527104,0.07456872102666832,0.10439489483462648,1.2895139011310357,1.0
NC,single_record_weighted,lowercased,lookup_unsupported,frequency,0.15992162467103344,0.20393681642153694,1692,2079,2079.0,0.18374218374218373,0.32706158530376495,0.25695027423724925,0.7070499111350824,1.0
NC,single_record_weighted,lowercased,model_seen,frequency,0.8905710976975182,0.9227498883544429,8033,34778,34778.0,0.9085628845822071,0.05046713735676653,0.08106753956637344,0.8978211949257643,1.0
NC,single_record_weighted,lowercased,model_unseen,frequency,0.4156321179770753,0.45709886606275696,3602,5062,5062.0,0.4381667325167918,0.34923676690298966,0.3273189160312597,3.741380021479779,1.0
NC,single_record_weighted,lowercased,all,majority,0.5001447206949149,0.5007514931979933,8211,39840,39840.0,0.5004518072289157,0.010417883522896743,0.2501083281673245,0.6933638896545803,1.0
NC,single_record_weighted,lowercased,lookup_supported,majority,0.5157247915377102,0.5198583700373672,8175,37761,37761.0,0.51788882709674,0.00701913634492779,0.24972925814013164,0.6926056301338078,1.0
NC,single_record_weighted,lowercased,lookup_unsupported,majority,0.15992162467103344,0.20393681642153694,1692,2079,2079.0,0.18374218374218373,0.32712750700962867,0.25699339949817185,0.7071362021913233,1.0
NC,single_record_weighted,lowercased,model_seen,majority,0.536951511354078,0.5469790385092163,8033,34778,34778.0,0.5418080395652424,0.03093834881343005,0.24920926925501266,0.6915654884856877,1.0
NC,single_record_weighted,lowercased,model_unseen,majority,0.19714205661637985,0.23487449958556747,3602,5062,5062.0,0.2163176610035559,0.29455202974825645,0.2562852287703243,0.7057196375510133,1.0
NC,single_distinct_name,as_is,all,published,0.5070154337264178,0.5171481329516457,40000,42262,40000.0,0.511681841862242,0.22368936005184836,0.33843140731264204,2.073019551897033,1.0
NC,single_distinct_name,as_is,lookup_supported,published,0.5134077182595035,0.5284311908754387,19341,21416,19341.0,0.5204650100464764,0.18580130019210267,0.3068765218349277,1.4413634968994578,1.0
NC,single_distinct_name,as_is,lookup_unsupported,published,0.4962317507803436,0.5114683799589393,20659,20846,20659.0,0.5034590210165439,0.2591602427541739,0.36797315860866187,2.664377302016017,1.0
NC,single_distinct_name,as_is,model_seen,published,0.48487547225970057,0.5080866974117159,5751,6975,5751.0,0.49692935197611376,0.20108697980977672,0.3081944809153267,1.3456315196115796,1.0
NC,single_distinct_name,as_is,model_unseen,published,0.5084152691664432,0.5196192646755691,34249,35287,34249.0,0.5141590403011782,0.22748469097456595,0.34350871069992234,2.195160594662475,1.0
NC,single_distinct_name,as_is,all,fixed_inference,0.8694958357705538,0.8759165740717779,40000,42262,40000.0,0.8727575702237856,0.08730646700214165,0.10907243867209579,1.0470133374362665,1.0
NC,single_distinct_name,as_is,lookup_supported,fixed_inference,0.8849010851233772,0.8925586670917002,19341,21416,19341.0,0.888655665918,0.055644256831836776,0.0861757141657486,0.6595510709945905,1.0
NC,single_distinct_name,as_is,lookup_unsupported,fixed_inference,0.852930545442757,0.8630637967616619,20659,20846,20659.0,0.8578737390208331,0.12195513332584443,0.13050840114255713,1.409756340255786,1.0
NC,single_distinct_name,as_is,model_seen,fixed_inference,0.8768636893688291,0.890086573920771,5751,6975,5751.0,0.8831785906179115,0.047749540011329486,0.08507344143135194,0.4753144700323574,1.0
NC,single_distinct_name,as_is,model_unseen,fixed_inference,0.8678948524357359,0.8744209837296626,34249,35287,34249.0,0.8710077004965932,0.0963562597871184,0.11310228576636182,1.143011474212227,1.0
NC,single_distinct_name,as_is,all,retrained,0.7920878949455474,0.8001580997255147,40000,42262,40000.0,0.7959453486087151,0.08371715688236288,0.14997391672679064,0.48678075871719423,1.0
NC,single_distinct_name,as_is,lookup_supported,retrained,0.8080245778151575,0.8184137740887675,19341,21416,19341.0,0.8134114458623185,0.061916944490422565,0.1354069796545828,0.4374365479254911,1.0
NC,single_distinct_name,as_is,lookup_unsupported,retrained,0.7741383669583248,0.7844322120700882,20659,20846,20659.0,0.7795935509911177,0.10412656236532504,0.16361151437980245,0.5329769144324917,1.0
NC,single_distinct_name,as_is,model_seen,retrained,0.8326616585139806,0.8511142121257443,5751,6975,5751.0,0.842199042262533,0.03723668700073168,0.1143664939792827,0.3697666285983965,1.0
NC,single_distinct_name,as_is,model_unseen,retrained,0.7839790773149394,0.7921883494572844,34249,35287,34249.0,0.7881785527255328,0.09152203242002117,0.15595301942237058,0.506429456848912,1.0
NC,single_distinct_name,as_is,all,frequency,0.6654794705099526,0.6741638562714161,40000,42262,40000.0,0.6692071293141021,0.06576047506688965,0.1632204010315409,0.7498904936470082,1.0
NC,single_distinct_name,as_is,lookup_supported,frequency,0.9161618108056998,0.9227337943700182,19341,21416,19341.0,0.9195790676281203,0.054828104209913804,0.06889787497382523,0.8072414804474061,1.0
NC,single_distinct_name,as_is,lookup_unsupported,frequency,0.4273961080276897,0.4421514763070662,20659,20846,20659.0,0.43480838499291413,0.07599538405303469,0.2515253517301361,0.6961983771018466,1.0
NC,single_distinct_name,as_is,model_seen,frequency,0.9235646368855804,0.9340676587851793,5751,6975,5751.0,0.9290973806570773,0.035235427751400934,0.05619784566006075,0.4518094254972758,1.0
NC,single_distinct_name,as_is,model_unseen,frequency,0.620757572500045,0.6302728126624351,34249,35287,34249.0,0.6255670570353947,0.07088615894412335,0.18119134079449406,0.799943465206152,1.0
NC,single_distinct_name,as_is,all,majority,0.40928201214449056,0.4191487102870692,40000,42262,40000.0,0.414052074446409,0.0968176163054032,0.25198660492009467,0.6971210351112658,1.0
NC,single_distinct_name,as_is,lookup_supported,majority,0.3852102829633102,0.39925674065053457,19341,21416,19341.0,0.39188131700986245,0.11898837374194987,0.25246858347423207,0.6980851441182194,1.0
NC,single_distinct_name,as_is,lookup_unsupported,majority,0.4273961080276897,0.4421514763070662,20659,20846,20659.0,0.43480838499291413,0.07606130575889819,0.2515353755665165,0.6962184341962415,1.0
NC,single_distinct_name,as_is,model_seen,majority,0.29573330054446595,0.3161434535600943,5751,6975,5751.0,0.306667953230196,0.2042017375216162,0.2543210692986454,0.7017906995900124,1.0
NC,single_distinct_name,as_is,model_unseen,majority,0.426864619875201,0.43795076555845525,34249,35287,34249.0,0.4320837273739234,0.07878596337788879,0.2515946079379625,0.6963369176066009,1.0
NC,single_distinct_name,lowercased,all,published,0.7782889648649629,0.7857449826832243,40000,42262,40000.0,0.7817177213451332,0.20558865625500017,0.20929949457117972,2.471939714673683,1.0
NC,single_distinct_name,lowercased,lookup_supported,published,0.7778101100734073,0.7893427250657694,19341,21416,19341.0,0.7837666323474564,0.2021254825742399,0.20594100658219383,2.400884383914043,1.0
NC,single_distinct_name,lowercased,lookup_unsupported,published,0.7743599863454853,0.784787393558593,20659,20846,20659.0,0.7797995264811062,0.20883088686439982,0.21244371821196467,2.538461867353977,1.0
NC,single_distinct_name,lowercased,model_seen,published,0.7825995620589851,0.8038825366542186,5751,6975,5751.0,0.7940387880128554,0.19141300629416197,0.19512464266709859,2.274905645729024,1.0
NC,single_distinct_name,lowercased,model_unseen,published,0.7752761080879961,0.7841233994997613,34249,35287,34249.0,0.7796488009560395,0.20796899328454216,0.21167969759317662,2.5050251457957806,1.0
NC,single_distinct_name,lowercased,all,fixed_inference,0.8694958357705538,0.8759165740717779,40000,42262,40000.0,0.8727575702237856,0.08730646700214165,0.10907243867209579,1.0470133374362665,1.0
NC,single_distinct_name,lowercased,lookup_supported,fixed_inference,0.8849010851233772,0.8925586670917002,19341,21416,19341.0,0.888655665918,0.055644256831836776,0.0861757141657486,0.6595510709945905,1.0
NC,single_distinct_name,lowercased,lookup_unsupported,fixed_inference,0.852930545442757,0.8630637967616619,20659,20846,20659.0,0.8578737390208331,0.12195513332584443,0.13050840114255713,1.409756340255786,1.0
NC,single_distinct_name,lowercased,model_seen,fixed_inference,0.8768636893688291,0.890086573920771,5751,6975,5751.0,0.8831785906179115,0.047749540011329486,0.08507344143135194,0.4753144700323574,1.0
NC,single_distinct_name,lowercased,model_unseen,fixed_inference,0.8678948524357359,0.8744209837296626,34249,35287,34249.0,0.8710077004965932,0.0963562597871184,0.11310228576636182,1.143011474212227,1.0
NC,single_distinct_name,lowercased,all,retrained,0.7920878949455474,0.8001580997255147,40000,42262,40000.0,0.7959453486087151,0.08371715688236288,0.14997391672679064,0.48678075871719423,1.0
NC,single_distinct_name,lowercased,lookup_supported,retrained,0.8080245778151575,0.8184137740887675,19341,21416,19341.0,0.8134114458623185,0.061916944490422565,0.1354069796545828,0.4374365479254911,1.0
NC,single_distinct_name,lowercased,lookup_unsupported,retrained,0.7741383669583248,0.7844322120700882,20659,20846,20659.0,0.7795935509911177,0.10412656236532504,0.16361151437980245,0.5329769144324917,1.0
NC,single_distinct_name,lowercased,model_seen,retrained,0.8326616585139806,0.8511142121257443,5751,6975,5751.0,0.842199042262533,0.03723668700073168,0.1143664939792827,0.3697666285983965,1.0
NC,single_distinct_name,lowercased,model_unseen,retrained,0.7839790773149394,0.7921883494572844,34249,35287,34249.0,0.7881785527255328,0.09152203242002117,0.15595301942237058,0.506429456848912,1.0
NC,single_distinct_name,lowercased,all,frequency,0.6654794705099526,0.6741638562714161,40000,42262,40000.0,0.6692071293141021,0.06576047506688965,0.1632204010315409,0.7498904936470082,1.0
NC,single_distinct_name,lowercased,lookup_supported,frequency,0.9161618108056998,0.9227337943700182,19341,21416,19341.0,0.9195790676281203,0.054828104209913804,0.06889787497382523,0.8072414804474061,1.0
NC,single_distinct_name,lowercased,lookup_unsupported,frequency,0.4273961080276897,0.4421514763070662,20659,20846,20659.0,0.43480838499291413,0.07599538405303469,0.2515253517301361,0.6961983771018466,1.0
NC,single_distinct_name,lowercased,model_seen,frequency,0.9235646368855804,0.9340676587851793,5751,6975,5751.0,0.9290973806570773,0.035235427751400934,0.05619784566006075,0.4518094254972758,1.0
NC,single_distinct_name,lowercased,model_unseen,frequency,0.620757572500045,0.6302728126624351,34249,35287,34249.0,0.6255670570353947,0.07088615894412335,0.18119134079449406,0.799943465206152,1.0
NC,single_distinct_name,lowercased,all,majority,0.40928201214449056,0.4191487102870692,40000,42262,40000.0,0.414052074446409,0.0968176163054032,0.25198660492009467,0.6971210351112658,1.0
NC,single_distinct_name,lowercased,lookup_supported,majority,0.3852102829633102,0.39925674065053457,19341,21416,19341.0,0.39188131700986245,0.11898837374194987,0.25246858347423207,0.6980851441182194,1.0
NC,single_distinct_name,lowercased,lookup_unsupported,majority,0.4273961080276897,0.4421514763070662,20659,20846,20659.0,0.43480838499291413,0.07606130575889819,0.2515353755665165,0.6962184341962415,1.0
NC,single_distinct_name,lowercased,model_seen,majority,0.29573330054446595,0.3161434535600943,5751,6975,5751.0,0.306667953230196,0.2042017375216162,0.2543210692986454,0.7017906995900124,1.0
NC,single_distinct_name,lowercased,model_unseen,majority,0.426864619875201,0.43795076555845525,34249,35287,34249.0,0.4320837273739234,0.07878596337788879,0.2515946079379625,0.6963369176066009,1.0
NC,ordering,as_is,all,published,0.5137112928848407,0.5483466972636853,8213,19997,19997.0,0.5320298044706706,0.4297625798073126,0.4400463383709264,2.7677165557254377,1.0
NC,ordering,as_is,lookup_supported,published,0.5144085050484967,0.5495149003835433,6720,17943,17943.0,0.5338014824722733,0.42829375995053887,0.43856401637681663,2.754461637783373,1.0
NC,ordering,as_is,lookup_unsupported,published,0.49224766274258697,0.5402974085103012,1702,2054,2054.0,0.5165530671859786,0.44259365804007356,0.45299536638470933,2.883506717670167,1.0
NC,ordering,as_is,model_seen,published,0.5053482893503366,0.5852767541243473,566,2312,2312.0,0.5467128027681661,0.41586383805967947,0.4261217668629776,2.6134260628113113,1.0
NC,ordering,as_is,model_unseen,published,0.519339999319045,0.5467166752679403,8159,17685,17685.0,0.5301102629346904,0.4318727986570601,0.44186672905944074,2.7878873004027045,1.0
NC,ordering,as_is,2,published,0.5120176435973635,0.5468060667099551,8094,19841,19841.0,0.531525628748551,0.4303009757519273,0.44048870555078423,2.7702547428404363,1.0
NC,ordering,as_is,3+,published,0.5221388945962605,0.6687898089171974,152,156,156.0,0.5961538461538461,0.3804330596557031,0.3837834716045134,2.444894949644142,1.0
NC,ordering,as_is,all,fixed_inference,0.9822557464308921,0.9860361873184019,8213,19997,19997.0,0.984297644646697,0.007191701651203756,0.01370682518742682,0.0625643801222824,1.0
NC,ordering,as_is,lookup_supported,fixed_inference,0.9838277440210047,0.988043370226711,6720,17943,17943.0,0.9857883297107507,0.005905157778432285,0.0122785969156294,0.0529511736465203,1.0
NC,ordering,as_is,lookup_unsupported,fixed_inference,0.964696628305937,0.9782409073724369,1702,2054,2054.0,0.9712755598831548,0.025100477134125096,0.026183310036921016,0.14654186979832864,1.0
NC,ordering,as_is,model_seen,fixed_inference,0.9930720612147691,0.9983006127948588,566,2312,2312.0,0.995674740484429,0.016001542598318447,0.0060984291336300175,0.025915874202777748,1.0
NC,ordering,as_is,model_unseen,fixed_inference,0.9808963142722499,0.9850043483377839,8159,17685,17685.0,0.9828102912072377,0.007772892957897225,0.01470148799072782,0.0673555220892541,1.0
NC,ordering,as_is,2,fixed_inference,0.9819200392826428,0.9861701850645035,8094,19841,19841.0,0.9842245854543622,0.007208966811117495,0.013765052757316099,0.06282505525358022,1.0
NC,ordering,as_is,3+,fixed_inference,0.9805194805194806,1.0,152,156,156.0,0.9935897435897436,0.004995816793197272,0.006301099455546987,0.029410179608948133,1.0
NC,ordering,as_is,all,retrained,0.9576435541190245,0.9659838779359935,8213,19997,19997.0,0.9624443666549982,0.0029898067143533363,0.028137306907796474,0.09937622463064548,1.0
NC,ordering,as_is,lookup_supported,retrained,0.9604130116320891,0.9691695285767006,6720,17943,17943.0,0.9647216184584517,0.001907763623051229,0.02662359196755675,0.09472896556550786,1.0
NC,ordering,as_is,lookup_unsupported,retrained,0.9333284529038556,0.9508240468974952,1702,2054,2054.0,0.9425511197663097,0.014693376819486202,0.041360572327816626,0.1399729964932375,1.0
NC,ordering,as_is,model_seen,retrained,0.9897390611603998,0.9970908693864968,566,2312,2312.0,0.9939446366782007,0.0035579001666352626,0.005602661102577863,0.024331771244297876,1.0
NC,ordering,as_is,model_unseen,retrained,0.9551225857280736,0.9620100595515996,8159,17685,17685.0,0.9583262651964942,0.0036626898302072825,0.031083312059148775,0.1091869555455019,1.0
NC,ordering,as_is,2,retrained,0.958705760733361,0.9666098907636564,8094,19841,19841.0,0.962451489340255,0.0029727637987091676,0.02816575345635729,0.0994598925379972,1.0
NC,ordering,as_is,3+,retrained,0.9284463148316652,0.9871794871794872,152,156,156.0,0.9615384615384616,0.01773832050653601,0.02451930710013448,0.08873484674753228,1.0
NC,ordering,as_is,all,frequency,0.841245940986168,0.889728586413787,8213,19997,19997.0,0.8709306395959394,0.09955320736904918,0.11675134773193806,1.6364554029310425,1.0
NC,ordering,as_is,lookup_supported,frequency,0.8442472045687397,0.8878851935702693,6720,17943,17943.0,0.8655743186758067,0.10746315521808664,0.12244255243443301,1.7529162838424386,1.0
NC,ordering,as_is,lookup_unsupported,frequency,0.9043859813358591,0.9304965748542263,1702,2054,2054.0,0.9177215189873418,0.03300979624962406,0.06703504491944201,0.619095331756175,1.0
NC,ordering,as_is,model_seen,frequency,0.9904850378706763,0.9966825871086122,566,2312,2312.0,0.9935121107266436,0.0028677128544331606,0.0061740166943809694,0.06041196655310075,1.0
NC,ordering,as_is,model_unseen,frequency,0.8350451117966876,0.8772794207855705,8159,17685,17685.0,0.8549052869663557,0.11219312047720816,0.13120737201007387,1.8424951216138699,1.0
NC,ordering,as_is,2,frequency,0.840852646134606,0.8916869284120803,8094,19841,19841.0,0.8709238445642861,0.09961961854747454,0.1167745402722614,1.6373927918318012,1.0
NC,ordering,as_is,3+,frequency,0.8234099264705882,0.9225930521091812,152,156,156.0,0.8717948717948718,0.09798090875629915,0.1138015836770957,1.5172327543415987,1.0
NC,ordering,as_is,all,majority,0.49379735849215933,0.5059126075647902,8213,19997,19997.0,0.5000250037505626,2.3753653680014253e-05,0.24999999993904853,0.6931471804380424,1.0
NC,ordering,as_is,lookup_supported,majority,0.4952686287302307,0.5093602440143099,6720,17943,17943.0,0.5019227553920749,0.001921505295192305,0.24999999519430166,0.6931471709485487,1.0
NC,ordering,as_is,lookup_unsupported,majority,0.4619255524395901,0.5051707968933419,1702,2054,2054.0,0.4834469328140214,0.016554317282861275,0.2500000413874381,0.6931472633348215,1.0
NC,ordering,as_is,model_seen,majority,0.48956494180067395,0.5283993756991968,566,2312,2312.0,0.5069204152249135,0.006919165128030924,0.24999998269918375,0.6931471459583128,1.0
NC,ordering,as_is,model_unseen,majority,0.49105933504307164,0.5069542871735938,8159,17685,17685.0,0.499123551031948,0.0008776990649344563,0.250000002192855,0.6931471849456553,1.0
NC,ordering,as_is,2,majority,0.493057449660572,0.5069150247679095,8094,19841,19841.0,0.49972279623002874,0.0002784538668538228,0.25000000069462586,0.6931471819491971,1.0
NC,ordering,as_is,3+,majority,0.4645161290322581,0.6064801959983667,152,156,156.0,0.5384615384615384,0.03846028836465598,0.2499999038402641,0.6931469882404735,1.0
NC,ordering,lowercased,all,published,0.901212129881028,0.915281292158485,8213,19997,19997.0,0.9088363254488173,0.07362871683436151,0.08132338491528192,0.40296552200954233,1.0
NC,ordering,lowercased,lookup_supported,published,0.8992295743462315,0.916484242005906,6720,17943,17943.0,0.9085994538260046,0.07387642650668558,0.08175281907995223,0.4046614199421569,1.0
NC,ordering,lowercased,lookup_unsupported,published,0.8986242027243246,0.9246332183184682,1702,2054,2054.0,0.9109055501460565,0.07370418249225894,0.07757200360239033,0.38815077195847003,1.0
NC,ordering,lowercased,model_seen,published,0.8929196201763404,0.9390224851655463,566,2312,2312.0,0.9182525951557093,0.06258906418889452,0.07145715808878672,0.3300570079274655,1.0
NC,ordering,lowercased,model_unseen,published,0.900789236431553,0.9134681942054176,8159,17685,17685.0,0.907605315238903,0.07517756097290457,0.0826132190358845,0.4124970167541147,1.0
NC,ordering,lowercased,2,published,0.9021251114489763,0.9155107498566085,8094,19841,19841.0,0.908623557280379,0.07375788451635004,0.08145264920884454,0.40348623029826947,1.0
NC,ordering,lowercased,3+,published,0.8974358974358975,0.967115943267259,152,156,156.0,0.9358974358974359,0.06637985087358031,0.0648827897321015,0.3367387710054729,1.0
NC,ordering,lowercased,all,fixed_inference,0.9822557464308921,0.9860361873184019,8213,19997,19997.0,0.984297644646697,0.007191701651203756,0.01370682518742682,0.0625643801222824,1.0
NC,ordering,lowercased,lookup_supported,fixed_inference,0.9838277440210047,0.988043370226711,6720,17943,17943.0,0.9857883297107507,0.005905157778432285,0.0122785969156294,0.0529511736465203,1.0
NC,ordering,lowercased,lookup_unsupported,fixed_inference,0.964696628305937,0.9782409073724369,1702,2054,2054.0,0.9712755598831548,0.025100477134125096,0.026183310036921016,0.14654186979832864,1.0
NC,ordering,lowercased,model_seen,fixed_inference,0.9930720612147691,0.9983006127948588,566,2312,2312.0,0.995674740484429,0.016001542598318447,0.0060984291336300175,0.025915874202777748,1.0
NC,ordering,lowercased,model_unseen,fixed_inference,0.9808963142722499,0.9850043483377839,8159,17685,17685.0,0.9828102912072377,0.007772892957897225,0.01470148799072782,0.0673555220892541,1.0
NC,ordering,lowercased,2,fixed_inference,0.9819200392826428,0.9861701850645035,8094,19841,19841.0,0.9842245854543622,0.007208966811117495,0.013765052757316099,0.06282505525358022,1.0
NC,ordering,lowercased,3+,fixed_inference,0.9805194805194806,1.0,152,156,156.0,0.9935897435897436,0.004995816793197272,0.006301099455546987,0.029410179608948133,1.0
NC,ordering,lowercased,all,retrained,0.9576435541190245,0.9659838779359935,8213,19997,19997.0,0.9624443666549982,0.0029898067143533363,0.028137306907796474,0.09937622463064548,1.0
NC,ordering,lowercased,lookup_supported,retrained,0.9604130116320891,0.9691695285767006,6720,17943,17943.0,0.9647216184584517,0.001907763623051229,0.02662359196755675,0.09472896556550786,1.0
NC,ordering,lowercased,lookup_unsupported,retrained,0.9333284529038556,0.9508240468974952,1702,2054,2054.0,0.9425511197663097,0.014693376819486202,0.041360572327816626,0.1399729964932375,1.0
NC,ordering,lowercased,model_seen,retrained,0.9897390611603998,0.9970908693864968,566,2312,2312.0,0.9939446366782007,0.0035579001666352626,0.005602661102577863,0.024331771244297876,1.0
NC,ordering,lowercased,model_unseen,retrained,0.9551225857280736,0.9620100595515996,8159,17685,17685.0,0.9583262651964942,0.0036626898302072825,0.031083312059148775,0.1091869555455019,1.0
NC,ordering,lowercased,2,retrained,0.958705760733361,0.9666098907636564,8094,19841,19841.0,0.962451489340255,0.0029727637987091676,0.02816575345635729,0.0994598925379972,1.0
NC,ordering,lowercased,3+,retrained,0.9284463148316652,0.9871794871794872,152,156,156.0,0.9615384615384616,0.01773832050653601,0.02451930710013448,0.08873484674753228,1.0
NC,ordering,lowercased,all,frequency,0.841245940986168,0.889728586413787,8213,19997,19997.0,0.8709306395959394,0.09955320736904918,0.11675134773193806,1.6364554029310425,1.0
NC,ordering,lowercased,lookup_supported,frequency,0.8442472045687397,0.8878851935702693,6720,17943,17943.0,0.8655743186758067,0.10746315521808664,0.12244255243443301,1.7529162838424386,1.0
NC,ordering,lowercased,lookup_unsupported,frequency,0.9043859813358591,0.9304965748542263,1702,2054,2054.0,0.9177215189873418,0.03300979624962406,0.06703504491944201,0.619095331756175,1.0
NC,ordering,lowercased,model_seen,frequency,0.9904850378706763,0.9966825871086122,566,2312,2312.0,0.9935121107266436,0.0028677128544331606,0.0061740166943809694,0.06041196655310075,1.0
NC,ordering,lowercased,model_unseen,frequency,0.8350451117966876,0.8772794207855705,8159,17685,17685.0,0.8549052869663557,0.11219312047720816,0.13120737201007387,1.8424951216138699,1.0
NC,ordering,lowercased,2,frequency,0.840852646134606,0.8916869284120803,8094,19841,19841.0,0.8709238445642861,0.09961961854747454,0.1167745402722614,1.6373927918318012,1.0
NC,ordering,lowercased,3+,frequency,0.8234099264705882,0.9225930521091812,152,156,156.0,0.8717948717948718,0.09798090875629915,0.1138015836770957,1.5172327543415987,1.0
NC,ordering,lowercased,all,majority,0.49379735849215933,0.5059126075647902,8213,19997,19997.0,0.5000250037505626,2.3753653680014253e-05,0.24999999993904853,0.6931471804380424,1.0
NC,ordering,lowercased,lookup_supported,majority,0.4952686287302307,0.5093602440143099,6720,17943,17943.0,0.5019227553920749,0.001921505295192305,0.24999999519430166,0.6931471709485487,1.0
NC,ordering,lowercased,lookup_unsupported,majority,0.4619255524395901,0.5051707968933419,1702,2054,2054.0,0.4834469328140214,0.016554317282861275,0.2500000413874381,0.6931472633348215,1.0
NC,ordering,lowercased,model_seen,majority,0.48956494180067395,0.5283993756991968,566,2312,2312.0,0.5069204152249135,0.006919165128030924,0.24999998269918375,0.6931471459583128,1.0
NC,ordering,lowercased,model_unseen,majority,0.49105933504307164,0.5069542871735938,8159,17685,17685.0,0.499123551031948,0.0008776990649344563,0.250000002192855,0.6931471849456553,1.0
NC,ordering,lowercased,2,majority,0.493057449660572,0.5069150247679095,8094,19841,19841.0,0.49972279623002874,0.0002784538668538228,0.25000000069462586,0.6931471819491971,1.0
NC,ordering,lowercased,3+,majority,0.4645161290322581,0.6064801959983667,152,156,156.0,0.5384615384615384,0.03846028836465598,0.2499999038402641,0.6931469882404735,1.0
